id,session_id,month_year,assigned_to,document_count,categorized_count,skipped_count,assigned_at,completed_at,created_at,updated_at
89819cce-888b-4d13-bee7-be8c5345d98a,8267942a-3721-4956-b866-3aad8e56a1bb,2015-11,922bde00-234f-4016-99b1-241e6574c57f,154,0,0,2025-12-09 07:47:42.458+00,,2025-12-09 07:44:45.692+00,2025-12-09 10:43:17.774+00
ffadb86a-9d51-417c-9e9d-8e65d929481f,8267942a-3721-4956-b866-3aad8e56a1bb,2015-10,922bde00-234f-4016-99b1-241e6574c57f,96,0,0,2025-12-09 07:47:42.458+00,,2025-12-09 07:44:09.197+00,2025-12-09 10:40:35.676+00
aa4e7876-4bd8-49bf-8dbb-1399c9721d17,8267942a-3721-4956-b866-3aad8e56a1bb,2015-12,922bde00-234f-4016-99b1-241e6574c57f,168,0,0,2025-12-09 07:47:42.458+00,,2025-12-09 07:44:45.747+00,2025-12-09 10:43:17.793+00
a849d168-347a-4bb9-b750-4e064a0d9255,8267942a-3721-4956-b866-3aad8e56a1bb,2022-06,c68e707c-d813-402b-adf1-b7989c4a39d9,170,0,0,2025-12-12 12:04:53.841+00,,2025-12-09 08:06:17.323+00,2025-12-12 12:04:53.842+00
c9a9de37-2c30-4fee-bd15-ad44c31e56e8,8267942a-3721-4956-b866-3aad8e56a1bb,2020-04,c68e707c-d813-402b-adf1-b7989c4a39d9,163,0,0,2025-12-12 12:04:53.841+00,,2025-12-09 08:29:47.965+00,2025-12-12 12:04:53.842+00
6275e9e6-5e62-4bd4-9eb4-1b18f68bd6ea,8267942a-3721-4956-b866-3aad8e56a1bb,2024-12,,254,0,0,,,2025-12-09 08:07:48.859+00,2025-12-09 10:34:05.937+00
fc06ea34-403f-4273-801a-ac21b51b0a4a,8267942a-3721-4956-b866-3aad8e56a1bb,2017-12,922bde00-234f-4016-99b1-241e6574c57f,197,0,0,2025-12-09 07:47:42.458+00,,2025-12-09 07:45:46.071+00,2025-12-09 10:43:17.988+00
f100691c-f389-446d-a9e7-9f71af01177e,8267942a-3721-4956-b866-3aad8e56a1bb,2021-12,c68e707c-d813-402b-adf1-b7989c4a39d9,174,0,0,2025-12-12 12:04:53.841+00,,2025-12-09 07:58:50.072+00,2025-12-12 12:04:53.842+00
091db8e7-ecc3-4993-bc5c-bde7e30ba1e4,8267942a-3721-4956-b866-3aad8e56a1bb,2018-12,c68e707c-d813-402b-adf1-b7989c4a39d9,186,0,0,2025-12-12 12:04:53.841+00,,2025-12-09 07:52:28.489+00,2025-12-12 12:04:53.842+00
d774a75c-4e3c-4c55-b664-55bd0c900793,8267942a-3721-4956-b866-3aad8e56a1bb,2017-09,c68e707c-d813-402b-adf1-b7989c4a39d9,339,0,0,2025-12-12 12:04:53.841+00,,2025-12-09 07:51:36.223+00,2025-12-12 12:04:53.842+00
417faf8c-b5c0-4cd4-8491-429b6e2b6b20,8267942a-3721-4956-b866-3aad8e56a1bb,2017-10,922bde00-234f-4016-99b1-241e6574c57f,361,0,0,2025-12-09 07:47:42.458+00,,2025-12-09 07:45:46.059+00,2025-12-09 10:43:17.967+00
3a90451b-1b8a-49ae-970c-df27052733a0,8267942a-3721-4956-b866-3aad8e56a1bb,2019-01,c68e707c-d813-402b-adf1-b7989c4a39d9,245,0,0,2025-12-12 12:04:53.841+00,,2025-12-09 07:53:06.699+00,2025-12-12 12:04:53.842+00
a96592e0-8466-4c5c-b281-36fc7d1a6b6c,8267942a-3721-4956-b866-3aad8e56a1bb,2013-07,922bde00-234f-4016-99b1-241e6574c57f,3,2,1,2025-12-09 07:47:42.458+00,,2025-12-09 07:43:45.335+00,2025-12-13 09:58:37.779+00
5deea334-d28b-4202-96a7-2f31912602f4,8267942a-3721-4956-b866-3aad8e56a1bb,2014-11,922bde00-234f-4016-99b1-241e6574c57f,46,15,31,2025-12-09 07:47:42.458+00,,2025-12-09 07:43:45.267+00,2025-12-13 10:10:46.558+00
3fd8bd39-84a6-4a5c-8f61-37ddca6c55bc,8267942a-3721-4956-b866-3aad8e56a1bb,2014-12,922bde00-234f-4016-99b1-241e6574c57f,100,1,0,2025-12-09 07:47:42.458+00,,2025-12-09 07:43:45.17+00,2025-12-13 10:10:57.808+00
baddc78a-0fee-4482-8e0c-bd0cb3a619ac,8267942a-3721-4956-b866-3aad8e56a1bb,2020-07,c68e707c-d813-402b-adf1-b7989c4a39d9,120,0,0,2025-12-12 12:04:53.841+00,,2025-12-09 08:29:48.005+00,2025-12-12 12:04:53.842+00
2bc75480-7ba4-4ee1-ad7f-252956a8958d,8267942a-3721-4956-b866-3aad8e56a1bb,2025-05,,658,0,0,,,2025-12-09 08:08:44.996+00,2025-12-09 10:35:51.025+00
c4e69491-3b28-4e61-96ca-1541c8f5fbfa,8267942a-3721-4956-b866-3aad8e56a1bb,2015-07,922bde00-234f-4016-99b1-241e6574c57f,139,0,0,2025-12-09 07:47:42.458+00,,2025-12-09 07:44:09.149+00,2025-12-09 10:43:17.741+00
7f0750fb-8c4d-4f48-b8db-9a53a14747db,8267942a-3721-4956-b866-3aad8e56a1bb,2018-09,922bde00-234f-4016-99b1-241e6574c57f,215,0,0,2025-12-09 07:47:42.458+00,,2025-12-09 07:46:16.868+00,2025-12-09 10:43:54.766+00
e4727155-3644-47bd-95b7-23d632077d1b,8267942a-3721-4956-b866-3aad8e56a1bb,2025-07,,353,0,0,,,2025-12-09 08:09:35.027+00,2025-12-09 10:36:57.041+00
213a3280-8a54-40c7-ae53-ad16a77535eb,8267942a-3721-4956-b866-3aad8e56a1bb,2023-04,c68e707c-d813-402b-adf1-b7989c4a39d9,192,0,0,2025-12-12 12:04:53.841+00,,2025-12-09 08:01:46.163+00,2025-12-12 12:04:53.842+00
3e4bb69e-21fd-4025-94b7-bd9e00d03825,8267942a-3721-4956-b866-3aad8e56a1bb,2025-06,,421,0,0,,,2025-12-09 07:57:21.879+00,2025-12-09 10:36:26.389+00
c09e3d4e-bc3a-43d8-936a-3499429ddaf2,8267942a-3721-4956-b866-3aad8e56a1bb,2023-08,c68e707c-d813-402b-adf1-b7989c4a39d9,142,0,0,2025-12-12 12:04:53.841+00,,2025-12-09 07:59:28.523+00,2025-12-12 12:04:53.842+00
02499bcd-4e7d-46c9-83aa-8908dc89dc17,8267942a-3721-4956-b866-3aad8e56a1bb,2022-08,c68e707c-d813-402b-adf1-b7989c4a39d9,173,0,0,2025-12-12 12:04:53.841+00,,2025-12-09 08:00:35.394+00,2025-12-12 12:04:53.842+00
c226861c-dcc2-4329-87c1-cf4e119611a9,8267942a-3721-4956-b866-3aad8e56a1bb,2025-11,922bde00-234f-4016-99b1-241e6574c57f,49,0,0,2025-12-09 07:47:42.458+00,,2025-12-09 07:43:45.099+00,2025-12-09 10:38:27.453+00
95aabb21-d09b-4a24-8771-91228d35647e,8267942a-3721-4956-b866-3aad8e56a1bb,2018-10,922bde00-234f-4016-99b1-241e6574c57f,226,0,0,2025-12-09 07:47:42.458+00,,2025-12-09 07:46:16.873+00,2025-12-09 10:43:54.772+00
b71d8893-2195-472c-ae88-6f24c0ae88fc,8267942a-3721-4956-b866-3aad8e56a1bb,2019-04,922bde00-234f-4016-99b1-241e6574c57f,210,0,0,2025-12-09 07:47:42.458+00,,2025-12-09 07:46:16.89+00,2025-12-09 10:43:54.858+00
faffc1c4-17c3-41c1-913e-b258ba724c76,8267942a-3721-4956-b866-3aad8e56a1bb,2022-03,c68e707c-d813-402b-adf1-b7989c4a39d9,351,0,0,2025-12-12 12:04:53.841+00,,2025-12-09 07:56:20.756+00,2025-12-12 12:04:53.842+00
c231e7c0-d0f1-467d-a9ff-45b360040e9c,8267942a-3721-4956-b866-3aad8e56a1bb,2019-09,c68e707c-d813-402b-adf1-b7989c4a39d9,176,0,0,2025-12-12 12:04:53.841+00,,2025-12-09 07:54:11.007+00,2025-12-12 12:04:53.842+00
8135010e-5870-452e-a793-dbde92e664ff,8267942a-3721-4956-b866-3aad8e56a1bb,2016-01,922bde00-234f-4016-99b1-241e6574c57f,109,0,0,2025-12-09 07:47:42.458+00,,2025-12-09 07:44:45.773+00,2025-12-09 10:43:17.81+00
42b58d86-1849-4018-ad6e-80f00285decd,8267942a-3721-4956-b866-3aad8e56a1bb,2016-09,922bde00-234f-4016-99b1-241e6574c57f,99,0,0,2025-12-09 07:47:42.458+00,,2025-12-09 07:45:14.316+00,2025-12-09 08:34:16.644+00
6dfee886-4879-4d79-b9fc-e6f61b9043ea,8267942a-3721-4956-b866-3aad8e56a1bb,2022-04,c68e707c-d813-402b-adf1-b7989c4a39d9,147,0,0,2025-12-12 12:04:53.841+00,,2025-12-09 07:56:47.45+00,2025-12-12 12:04:53.842+00
4e502b41-abf9-4f88-9bae-dc71430a3fb8,8267942a-3721-4956-b866-3aad8e56a1bb,2021-05,c68e707c-d813-402b-adf1-b7989c4a39d9,399,0,0,2025-12-12 12:04:53.841+00,,2025-12-09 07:58:50.046+00,2025-12-12 12:04:53.842+00
1658bb32-df07-4e51-a218-53102bc1669c,8267942a-3721-4956-b866-3aad8e56a1bb,2019-10,c68e707c-d813-402b-adf1-b7989c4a39d9,255,0,0,2025-12-12 12:04:53.841+00,,2025-12-09 07:54:11.072+00,2025-12-12 12:04:53.842+00
23ba2005-b94c-4365-8250-41cecf64cc09,8267942a-3721-4956-b866-3aad8e56a1bb,2016-04,922bde00-234f-4016-99b1-241e6574c57f,142,0,0,2025-12-09 07:47:42.458+00,,2025-12-09 07:44:45.819+00,2025-12-09 08:40:41.953+00
82b501bf-acbd-45dc-8f03-d924d450560e,8267942a-3721-4956-b866-3aad8e56a1bb,2023-02,c68e707c-d813-402b-adf1-b7989c4a39d9,313,0,0,2025-12-12 12:04:53.841+00,,2025-12-09 08:01:09.071+00,2025-12-12 12:04:53.842+00
09c09938-4c89-4365-9ab1-ed73d1b2d524,8267942a-3721-4956-b866-3aad8e56a1bb,2023-03,c68e707c-d813-402b-adf1-b7989c4a39d9,251,0,0,2025-12-12 12:04:53.841+00,,2025-12-09 07:56:47.58+00,2025-12-12 12:04:53.842+00
f43d6aa5-4042-4a5e-8bd2-5336353247b5,8267942a-3721-4956-b866-3aad8e56a1bb,2022-12,c68e707c-d813-402b-adf1-b7989c4a39d9,350,0,0,2025-12-12 12:04:53.841+00,,2025-12-09 08:01:08.929+00,2025-12-12 12:04:53.842+00
c7686316-6856-4f6b-afac-c05079a03207,8267942a-3721-4956-b866-3aad8e56a1bb,2021-06,922bde00-234f-4016-99b1-241e6574c57f,362,0,0,2025-12-09 07:47:42.458+00,,2025-12-09 07:46:17.047+00,2025-12-09 10:44:19.317+00
bb6e6824-c020-443c-86b7-7e39ea2a8c97,8267942a-3721-4956-b866-3aad8e56a1bb,2023-06,c68e707c-d813-402b-adf1-b7989c4a39d9,229,0,0,2025-12-12 12:04:53.841+00,,2025-12-09 07:56:47.594+00,2025-12-12 12:04:53.842+00
972e6034-fefc-4a3e-932d-765b5b2c5270,8267942a-3721-4956-b866-3aad8e56a1bb,2016-02,922bde00-234f-4016-99b1-241e6574c57f,148,0,0,2025-12-09 07:47:42.458+00,,2025-12-09 07:44:45.78+00,2025-12-09 10:43:17.817+00
19ae08d6-b694-41e6-b6f6-280c218f5e98,8267942a-3721-4956-b866-3aad8e56a1bb,2025-01,,319,0,0,,,2025-12-09 07:57:21.827+00,2025-12-09 10:34:40.226+00
02d54d69-0a09-43d0-95ae-87fc78a3b2d5,8267942a-3721-4956-b866-3aad8e56a1bb,2025-04,,371,0,0,,,2025-12-09 07:57:21.852+00,2025-12-09 10:35:13.382+00
9b8f55b7-1006-475c-b5ea-fa65b87cc54e,8267942a-3721-4956-b866-3aad8e56a1bb,2020-05,c68e707c-d813-402b-adf1-b7989c4a39d9,173,0,0,2025-12-12 12:04:53.841+00,,2025-12-09 07:54:38.861+00,2025-12-12 12:04:53.842+00
a41291ad-c031-4612-b855-3966550dcd73,8267942a-3721-4956-b866-3aad8e56a1bb,2016-03,922bde00-234f-4016-99b1-241e6574c57f,189,0,0,2025-12-09 07:47:42.458+00,,2025-12-09 07:44:45.801+00,2025-12-09 10:43:17.834+00
08574785-1959-405e-b0ef-16f8d5c42de5,8267942a-3721-4956-b866-3aad8e56a1bb,2016-07,922bde00-234f-4016-99b1-241e6574c57f,207,0,0,2025-12-09 07:47:42.458+00,,2025-12-09 07:45:14.231+00,2025-12-09 10:43:17.854+00
1697a4ad-ba63-4ac2-b2db-278cd01d76ea,8267942a-3721-4956-b866-3aad8e56a1bb,2016-10,922bde00-234f-4016-99b1-241e6574c57f,125,0,0,2025-12-09 07:47:42.458+00,,2025-12-09 07:45:14.346+00,2025-12-09 10:43:17.879+00
c8c5fa6f-62dd-4be4-9d5b-fe8c4ff9cfb3,8267942a-3721-4956-b866-3aad8e56a1bb,2016-05,922bde00-234f-4016-99b1-241e6574c57f,66,0,0,2025-12-09 07:47:42.458+00,,2025-12-09 07:44:45.852+00,2025-12-09 10:40:35.688+00
032bb721-683e-4f1d-bf85-d9f570580ba6,8267942a-3721-4956-b866-3aad8e56a1bb,2025-02,,273,0,0,,,2025-12-09 07:57:21.834+00,2025-12-09 10:44:50.185+00
8e996740-6087-497a-989f-30da5ba656df,8267942a-3721-4956-b866-3aad8e56a1bb,2018-03,922bde00-234f-4016-99b1-241e6574c57f,363,0,0,2025-12-09 07:47:42.458+00,,2025-12-09 07:45:46.103+00,2025-12-09 10:43:54.743+00
d780eedc-0a00-4e07-9dcd-0175fd62b28c,8267942a-3721-4956-b866-3aad8e56a1bb,2018-04,922bde00-234f-4016-99b1-241e6574c57f,118,0,0,2025-12-09 07:47:42.458+00,,2025-12-09 07:45:46.108+00,2025-12-09 10:40:35.71+00
55ce5296-536a-4604-8178-ca41dcd99d52,8267942a-3721-4956-b866-3aad8e56a1bb,2018-05,922bde00-234f-4016-99b1-241e6574c57f,202,0,0,2025-12-09 07:47:42.458+00,,2025-12-09 07:45:46.117+00,2025-12-09 10:43:54.747+00
c24841b8-67e5-4e4d-8f8c-334a17349474,8267942a-3721-4956-b866-3aad8e56a1bb,2020-11,922bde00-234f-4016-99b1-241e6574c57f,249,0,0,2025-12-09 07:47:42.458+00,,2025-12-09 07:46:16.992+00,2025-12-09 10:15:33.849+00
71d751eb-f8e6-4b25-813f-7f9499c43625,8267942a-3721-4956-b866-3aad8e56a1bb,2018-06,922bde00-234f-4016-99b1-241e6574c57f,199,0,0,2025-12-09 07:47:42.458+00,,2025-12-09 07:46:16.854+00,2025-12-09 10:43:54.753+00
2ae890c2-1673-432a-a510-8a41c8995dcf,8267942a-3721-4956-b866-3aad8e56a1bb,2013-03,922bde00-234f-4016-99b1-241e6574c57f,26,9,13,2025-12-09 07:47:42.458+00,,2025-12-09 07:43:45.388+00,2025-12-13 09:57:54.923+00
7b292282-53d4-4a2a-8a8d-a246b96cd7af,8267942a-3721-4956-b866-3aad8e56a1bb,2015-05,922bde00-234f-4016-99b1-241e6574c57f,52,0,0,2025-12-09 07:47:42.458+00,,2025-12-09 07:44:09.084+00,2025-12-09 10:43:17.72+00
ab195be3-da97-4def-a260-e8678ab2c10d,8267942a-3721-4956-b866-3aad8e56a1bb,2014-05,922bde00-234f-4016-99b1-241e6574c57f,13,8,5,2025-12-09 07:47:42.458+00,,2025-12-09 07:43:45.374+00,2025-12-13 10:04:22.104+00
7dc1e92b-4442-4e36-827f-c8ce3b5df6a3,8267942a-3721-4956-b866-3aad8e56a1bb,2013-12,922bde00-234f-4016-99b1-241e6574c57f,5,0,5,2025-12-09 07:47:42.458+00,,2025-12-09 07:43:45.357+00,2025-12-13 09:59:45.046+00
a1f6be7c-bfe1-4111-bb13-2ec3d19e0422,8267942a-3721-4956-b866-3aad8e56a1bb,2013-08,922bde00-234f-4016-99b1-241e6574c57f,4,0,4,2025-12-09 07:47:42.458+00,,2025-12-09 07:43:45.346+00,2025-12-13 09:58:47.426+00
d3ff1b2c-565d-4972-a056-437cbf9e539c,8267942a-3721-4956-b866-3aad8e56a1bb,2014-02,922bde00-234f-4016-99b1-241e6574c57f,7,3,4,2025-12-09 07:47:42.458+00,,2025-12-09 07:43:45.363+00,2025-12-13 10:01:28.481+00
08538b7e-6b87-4fbf-9bdb-ec8d0e946e77,8267942a-3721-4956-b866-3aad8e56a1bb,2017-05,922bde00-234f-4016-99b1-241e6574c57f,394,0,0,2025-12-09 07:47:42.458+00,,2025-12-09 07:45:45.98+00,2025-12-09 09:51:59.212+00
279cbff1-dbd8-4e96-8297-b0c9e576e5ae,8267942a-3721-4956-b866-3aad8e56a1bb,2015-02,922bde00-234f-4016-99b1-241e6574c57f,155,0,0,2025-12-09 07:47:42.458+00,,2025-12-09 07:44:08.95+00,2025-12-09 10:43:17.698+00
dd753f8b-9b14-42d5-844e-80f11f25d009,8267942a-3721-4956-b866-3aad8e56a1bb,2020-03,922bde00-234f-4016-99b1-241e6574c57f,123,0,0,2025-12-09 07:47:42.458+00,,2025-12-09 07:46:16.975+00,2025-12-09 10:11:24.198+00
18937d5d-6ecb-4de7-a274-8b81360d1dab,8267942a-3721-4956-b866-3aad8e56a1bb,2015-06,922bde00-234f-4016-99b1-241e6574c57f,122,0,0,2025-12-09 07:47:42.458+00,,2025-12-09 07:44:09.093+00,2025-12-09 10:43:17.733+00
f012e7c3-81cf-4906-a104-95490c0e108a,8267942a-3721-4956-b866-3aad8e56a1bb,2015-03,922bde00-234f-4016-99b1-241e6574c57f,189,0,0,2025-12-09 07:47:42.458+00,,2025-12-09 07:44:09.069+00,2025-12-09 10:43:17.714+00
21287452-2d91-4a3e-8f3d-63d79c1d7be1,8267942a-3721-4956-b866-3aad8e56a1bb,2015-08,922bde00-234f-4016-99b1-241e6574c57f,87,0,0,2025-12-09 07:47:42.458+00,,2025-12-09 07:44:09.177+00,2025-12-09 10:43:17.759+00
789da257-a678-4b04-9cc9-1a215c78e82a,8267942a-3721-4956-b866-3aad8e56a1bb,2021-02,922bde00-234f-4016-99b1-241e6574c57f,193,0,0,2025-12-09 07:47:42.458+00,,2025-12-09 07:46:17+00,2025-12-09 10:44:19.284+00
9d5360d1-c3e0-49ea-b479-f8b9973e3807,8267942a-3721-4956-b866-3aad8e56a1bb,2015-09,922bde00-234f-4016-99b1-241e6574c57f,97,0,0,2025-12-09 07:47:42.458+00,,2025-12-09 07:44:09.184+00,2025-12-09 10:43:17.764+00
ef21642b-0017-401b-b208-e2c03ca32924,8267942a-3721-4956-b866-3aad8e56a1bb,2020-12,c68e707c-d813-402b-adf1-b7989c4a39d9,277,0,0,2025-12-12 12:04:53.841+00,,2025-12-09 07:55:50.949+00,2025-12-12 12:04:53.842+00
76ac64fc-3b00-4dde-bc04-46b26a1ad3a9,8267942a-3721-4956-b866-3aad8e56a1bb,2016-12,922bde00-234f-4016-99b1-241e6574c57f,111,0,0,2025-12-09 07:47:42.458+00,,2025-12-09 07:45:45.865+00,2025-12-09 10:43:17.886+00
339c7339-91bd-4dbd-bf7c-2eafbf65728a,8267942a-3721-4956-b866-3aad8e56a1bb,2020-10,922bde00-234f-4016-99b1-241e6574c57f,306,0,0,2025-12-09 07:47:42.458+00,,2025-12-09 07:46:16.982+00,2025-12-09 10:14:55.457+00
e6f4ac70-5204-4f14-9eb7-07a40e6bd5e7,8267942a-3721-4956-b866-3aad8e56a1bb,2016-11,922bde00-234f-4016-99b1-241e6574c57f,88,0,0,2025-12-09 07:47:42.458+00,,2025-12-09 07:45:14.378+00,2025-12-09 08:34:48.934+00
e8bb8d46-328e-46fe-8d4e-e16db91e0f77,8267942a-3721-4956-b866-3aad8e56a1bb,2021-01,c68e707c-d813-402b-adf1-b7989c4a39d9,273,0,0,2025-12-12 12:04:53.841+00,,2025-12-09 07:55:50.973+00,2025-12-12 12:04:53.842+00
76bf43d7-2729-4e8d-abd6-b14806fab768,8267942a-3721-4956-b866-3aad8e56a1bb,2021-07,c68e707c-d813-402b-adf1-b7989c4a39d9,229,0,0,2025-12-12 12:04:53.841+00,,2025-12-09 07:55:51.015+00,2025-12-12 12:04:53.842+00
80cb85c9-b7a8-4e73-b8b0-c3dc32640671,8267942a-3721-4956-b866-3aad8e56a1bb,2021-03,c68e707c-d813-402b-adf1-b7989c4a39d9,275,0,0,2025-12-12 12:04:53.841+00,,2025-12-09 07:55:50.993+00,2025-12-12 12:04:53.842+00
73d19804-3dcb-4cb8-a082-8b644a969a0c,8267942a-3721-4956-b866-3aad8e56a1bb,2015-01,922bde00-234f-4016-99b1-241e6574c57f,165,0,0,2025-12-09 07:47:42.458+00,,2025-12-09 07:43:45.113+00,2025-12-09 10:42:51.393+00
0d8791ee-3d35-48e3-8870-4c852da4804a,8267942a-3721-4956-b866-3aad8e56a1bb,2017-01,922bde00-234f-4016-99b1-241e6574c57f,130,0,0,2025-12-09 07:47:42.458+00,,2025-12-09 07:45:45.909+00,2025-12-09 10:43:17.906+00
94b21874-002f-42d8-8b24-745463af1938,8267942a-3721-4956-b866-3aad8e56a1bb,2017-03,922bde00-234f-4016-99b1-241e6574c57f,304,0,0,2025-12-09 07:47:42.458+00,,2025-12-09 07:45:45.941+00,2025-12-09 10:43:17.919+00
ad83d906-5f0a-4282-99d6-4905cb4471e6,8267942a-3721-4956-b866-3aad8e56a1bb,2017-04,922bde00-234f-4016-99b1-241e6574c57f,277,0,0,2025-12-09 07:47:42.458+00,,2025-12-09 07:45:45.964+00,2025-12-09 10:43:17.93+00
64157fc7-0f9a-45cc-a2b6-b4bb401904f3,8267942a-3721-4956-b866-3aad8e56a1bb,2024-10,,347,0,0,,,2025-12-09 07:57:21.783+00,2025-12-09 10:34:05.752+00
980807e8-8bfb-4f3e-90ce-ab2aea16cb33,8267942a-3721-4956-b866-3aad8e56a1bb,2015-04,922bde00-234f-4016-99b1-241e6574c57f,109,0,0,2025-12-09 07:47:42.458+00,,2025-12-09 07:44:08.988+00,2025-12-09 10:43:17.824+00
5fb6b587-7c5b-4d78-b76e-3dd44597b010,8267942a-3721-4956-b866-3aad8e56a1bb,2019-08,922bde00-234f-4016-99b1-241e6574c57f,86,0,0,2025-12-09 07:47:42.458+00,,2025-12-09 07:46:16.944+00,2025-12-09 10:08:48.094+00
4d7d53af-ac10-423c-bcc5-44be35fd3a7e,8267942a-3721-4956-b866-3aad8e56a1bb,2017-02,922bde00-234f-4016-99b1-241e6574c57f,149,0,0,2025-12-09 07:47:42.458+00,,2025-12-09 07:45:45.93+00,2025-12-09 10:43:17.912+00
9e9006b5-0fe8-4337-9e08-ac16748e27d9,8267942a-3721-4956-b866-3aad8e56a1bb,2024-11,,325,0,0,,,2025-12-09 07:57:21.803+00,2025-12-09 10:34:05.828+00
e35c788f-67e9-4adf-96be-ff337d72b170,8267942a-3721-4956-b866-3aad8e56a1bb,2021-04,922bde00-234f-4016-99b1-241e6574c57f,266,0,0,2025-12-09 07:47:42.458+00,,2025-12-09 07:46:17.041+00,2025-12-09 10:44:19.307+00
7b4de84f-bba5-454c-92f0-59f4328c444d,8267942a-3721-4956-b866-3aad8e56a1bb,2017-06,922bde00-234f-4016-99b1-241e6574c57f,231,0,0,2025-12-09 07:47:42.458+00,,2025-12-09 07:45:46.002+00,2025-12-09 10:43:17.937+00
6af4a058-39c2-4ec1-9c2e-e0697a7999c3,8267942a-3721-4956-b866-3aad8e56a1bb,2017-07,922bde00-234f-4016-99b1-241e6574c57f,304,0,0,2025-12-09 07:47:42.458+00,,2025-12-09 07:45:45.993+00,2025-12-09 10:43:17.942+00
e43d4f82-f3db-4591-bff9-372ec4d3d2ee,8267942a-3721-4956-b866-3aad8e56a1bb,2021-10,922bde00-234f-4016-99b1-241e6574c57f,259,0,0,2025-12-09 07:47:42.458+00,,2025-12-09 07:46:17.054+00,2025-12-09 10:21:21.601+00
638724ac-80c4-4b26-b165-e101dcf78280,8267942a-3721-4956-b866-3aad8e56a1bb,2025-08,,495,0,0,,,2025-12-09 07:57:21.884+00,2025-12-09 10:37:36.013+00
0847958a-b8f2-423e-90c6-8b579c0ac558,8267942a-3721-4956-b866-3aad8e56a1bb,2025-09,,528,0,0,,,2025-12-09 07:57:50.067+00,2025-12-09 10:37:36.154+00
22e80813-c46e-474e-a532-135a0ea328c6,8267942a-3721-4956-b866-3aad8e56a1bb,2017-11,922bde00-234f-4016-99b1-241e6574c57f,296,0,0,2025-12-09 07:47:42.458+00,,2025-12-09 07:45:46.066+00,2025-12-09 10:43:17.979+00
69384d67-3b0e-4c7a-a647-796397268120,8267942a-3721-4956-b866-3aad8e56a1bb,2019-12,922bde00-234f-4016-99b1-241e6574c57f,158,0,0,2025-12-09 07:47:42.458+00,,2025-12-09 07:46:16.95+00,2025-12-09 10:43:54.896+00
c806011e-1fae-4514-a73d-3e62e0b4922c,8267942a-3721-4956-b866-3aad8e56a1bb,2025-10,,206,0,0,,,2025-12-09 07:57:50.08+00,2025-12-09 10:38:27.442+00
f3e1e0ea-b51a-4265-a1e2-c730b1e796d9,8267942a-3721-4956-b866-3aad8e56a1bb,2020-01,922bde00-234f-4016-99b1-241e6574c57f,123,0,0,2025-12-09 07:47:42.458+00,,2025-12-09 07:46:16.962+00,2025-12-09 10:44:19.155+00
a5924cf6-555a-4bbf-953d-b39e4b805c71,8267942a-3721-4956-b866-3aad8e56a1bb,2020-02,922bde00-234f-4016-99b1-241e6574c57f,257,0,0,2025-12-09 07:47:42.458+00,,2025-12-09 07:46:16.969+00,2025-12-09 10:44:19.2+00
413eeb6b-8537-4906-9539-5c9f11b6eab0,8267942a-3721-4956-b866-3aad8e56a1bb,2019-06,922bde00-234f-4016-99b1-241e6574c57f,155,0,0,2025-12-09 07:47:42.458+00,,2025-12-09 07:46:16.918+00,2025-12-09 10:08:08.768+00
aa73b8d3-a602-41f0-96b7-91552c0777c1,8267942a-3721-4956-b866-3aad8e56a1bb,2018-11,922bde00-234f-4016-99b1-241e6574c57f,156,0,0,2025-12-09 07:47:42.458+00,,2025-12-09 07:46:16.883+00,2025-12-09 10:41:33.892+00
35d72edb-9cd7-454e-9d1c-b224daf3ac15,8267942a-3721-4956-b866-3aad8e56a1bb,2019-05,922bde00-234f-4016-99b1-241e6574c57f,285,0,0,2025-12-09 07:47:42.458+00,,2025-12-09 07:46:16.906+00,2025-12-09 10:42:11.231+00
ad168ebb-a619-43b3-a435-4b92291369f0,8267942a-3721-4956-b866-3aad8e56a1bb,2021-09,c68e707c-d813-402b-adf1-b7989c4a39d9,278,0,0,2025-12-12 12:04:53.841+00,,2025-12-09 07:55:51.09+00,2025-12-12 12:04:53.842+00
ddff2b27-b3d7-4723-b729-97718043fc5e,8267942a-3721-4956-b866-3aad8e56a1bb,2021-08,c68e707c-d813-402b-adf1-b7989c4a39d9,240,0,0,2025-12-12 12:04:53.841+00,,2025-12-09 07:55:51.036+00,2025-12-12 12:04:53.842+00
7f6c0d4b-4081-4a84-8f8b-7fe708932f0b,8267942a-3721-4956-b866-3aad8e56a1bb,2024-04,c68e707c-d813-402b-adf1-b7989c4a39d9,176,0,0,2025-12-12 12:04:53.841+00,,2025-12-09 07:57:21.725+00,2025-12-12 12:04:53.842+00
729d8cf2-547a-44c0-8440-4faf65ab3e26,8267942a-3721-4956-b866-3aad8e56a1bb,2024-05,c68e707c-d813-402b-adf1-b7989c4a39d9,171,0,0,2025-12-12 12:04:53.841+00,,2025-12-09 07:57:21.732+00,2025-12-12 12:04:53.842+00
8ab24192-4717-47ff-913f-b25980994d64,8267942a-3721-4956-b866-3aad8e56a1bb,2024-06,c68e707c-d813-402b-adf1-b7989c4a39d9,200,0,0,2025-12-12 12:04:53.841+00,,2025-12-09 07:57:21.741+00,2025-12-12 12:04:53.842+00
cbb1e213-32c6-4423-bd70-735a2ecb473b,8267942a-3721-4956-b866-3aad8e56a1bb,2012-02,c68e707c-d813-402b-adf1-b7989c4a39d9,12,0,12,2025-12-12 12:04:53.841+00,,2025-12-09 10:42:51.188+00,2025-12-12 12:09:12.925+00
00346186-a4fc-4030-8799-954ad40c5efa,8267942a-3721-4956-b866-3aad8e56a1bb,2012-01,c68e707c-d813-402b-adf1-b7989c4a39d9,3,0,3,2025-12-12 12:04:53.841+00,,2025-12-09 10:42:51.077+00,2025-12-12 12:08:15.743+00
42809a81-a766-4246-9b49-0290355f5c77,8267942a-3721-4956-b866-3aad8e56a1bb,2013-10,c68e707c-d813-402b-adf1-b7989c4a39d9,6,0,0,2025-12-12 12:04:53.841+00,,2025-12-09 10:39:44.49+00,2025-12-12 12:04:53.842+00
919359c4-8200-41ad-8caa-627f42f04773,8267942a-3721-4956-b866-3aad8e56a1bb,2012-03,c68e707c-d813-402b-adf1-b7989c4a39d9,6,0,3,2025-12-12 12:04:53.841+00,,2025-12-09 10:42:51.213+00,2025-12-12 12:09:14.741+00
df0dfa1d-d48a-4440-b36d-dc9db92e20ad,8267942a-3721-4956-b866-3aad8e56a1bb,2013-11,c68e707c-d813-402b-adf1-b7989c4a39d9,4,0,0,2025-12-12 12:04:53.841+00,,2025-12-09 10:39:44.505+00,2025-12-12 12:04:53.842+00
c9279cf6-da10-44d4-a0ee-a45647f47529,8267942a-3721-4956-b866-3aad8e56a1bb,2012-04,c68e707c-d813-402b-adf1-b7989c4a39d9,2,0,1,2025-12-12 12:04:53.841+00,,2025-12-09 10:42:51.226+00,2025-12-12 12:09:15.51+00
d1b6eaad-908b-4b5e-9e32-b0463de98c92,8267942a-3721-4956-b866-3aad8e56a1bb,2012-07,c68e707c-d813-402b-adf1-b7989c4a39d9,3,0,1,2025-12-12 12:04:53.841+00,,2025-12-09 10:42:51.233+00,2025-12-12 12:09:15.924+00
bdbe53d9-6ba9-4788-993f-ea8b91303a57,8267942a-3721-4956-b866-3aad8e56a1bb,2012-10,c68e707c-d813-402b-adf1-b7989c4a39d9,1,0,1,2025-12-12 12:04:53.841+00,,2025-12-09 10:42:51.277+00,2025-12-12 12:09:16.613+00
a5a788a9-9b72-4057-96d5-2628eeff314b,8267942a-3721-4956-b866-3aad8e56a1bb,2013-01,c68e707c-d813-402b-adf1-b7989c4a39d9,4,0,1,2025-12-12 12:04:53.841+00,,2025-12-09 10:42:51.283+00,2025-12-12 12:09:17.469+00
f36e0256-9240-4f0b-92ef-29c82b3f1e5a,8267942a-3721-4956-b866-3aad8e56a1bb,2014-04,c68e707c-d813-402b-adf1-b7989c4a39d9,7,0,0,2025-12-12 12:04:53.841+00,,2025-12-09 10:39:44.55+00,2025-12-12 12:04:53.842+00
d01931fe-b6f5-4c04-9e57-006bd7d60dfe,8267942a-3721-4956-b866-3aad8e56a1bb,2018-07,922bde00-234f-4016-99b1-241e6574c57f,221,0,0,2025-12-09 07:47:42.458+00,,2025-12-09 07:46:16.863+00,2025-12-09 10:40:35.748+00
81956bf8-44e6-4a6b-a8a9-890b16b7ea35,8267942a-3721-4956-b866-3aad8e56a1bb,2016-06,922bde00-234f-4016-99b1-241e6574c57f,174,0,0,2025-12-09 07:47:42.458+00,,2025-12-09 07:44:45.873+00,2025-12-09 10:43:17.841+00
fdc5a2ba-152d-4297-9631-3a010a45f167,8267942a-3721-4956-b866-3aad8e56a1bb,2016-08,922bde00-234f-4016-99b1-241e6574c57f,176,0,0,2025-12-09 07:47:42.458+00,,2025-12-09 07:45:14.247+00,2025-12-09 10:43:17.866+00
792abead-29fe-46f6-b454-ee2beacf72f7,8267942a-3721-4956-b866-3aad8e56a1bb,2017-08,922bde00-234f-4016-99b1-241e6574c57f,256,0,0,2025-12-09 07:47:42.458+00,,2025-12-09 07:45:46.047+00,2025-12-09 10:43:17.963+00
abeca39a-5d0b-4845-a65e-4afadfc6a64c,8267942a-3721-4956-b866-3aad8e56a1bb,2018-01,922bde00-234f-4016-99b1-241e6574c57f,204,0,0,2025-12-09 07:47:42.458+00,,2025-12-09 07:45:46.081+00,2025-12-09 10:43:17.998+00
0e160c31-b731-4404-b071-ff749bf7976c,8267942a-3721-4956-b866-3aad8e56a1bb,2018-02,922bde00-234f-4016-99b1-241e6574c57f,215,0,0,2025-12-09 07:47:42.458+00,,2025-12-09 07:45:46.094+00,2025-12-09 10:43:54.724+00
c27c2fdf-d969-4446-80fa-637337ff2bfa,8267942a-3721-4956-b866-3aad8e56a1bb,2025-03,,355,0,0,,,2025-12-09 07:57:21.839+00,2025-12-09 10:44:50.191+00
784c4a4a-a166-41a8-b8d8-463274c868c6,8267942a-3721-4956-b866-3aad8e56a1bb,2014-06,c68e707c-d813-402b-adf1-b7989c4a39d9,3,0,0,2025-12-12 12:04:53.841+00,,2025-12-09 10:39:44.585+00,2025-12-12 12:04:53.842+00
df9fcc03-0f22-46e0-b3b2-6d75889b495b,8267942a-3721-4956-b866-3aad8e56a1bb,2014-08,c68e707c-d813-402b-adf1-b7989c4a39d9,1,0,0,2025-12-12 12:04:53.841+00,,2025-12-09 10:39:44.609+00,2025-12-12 12:04:53.842+00
7c9c18a3-7020-4b80-91ae-98184e54e20a,8267942a-3721-4956-b866-3aad8e56a1bb,2014-09,c68e707c-d813-402b-adf1-b7989c4a39d9,2,0,0,2025-12-12 12:04:53.841+00,,2025-12-09 10:39:44.614+00,2025-12-12 12:04:53.842+00
ed6ab636-3268-48ab-b0b5-ed6e13f2afe4,8267942a-3721-4956-b866-3aad8e56a1bb,2014-10,c68e707c-d813-402b-adf1-b7989c4a39d9,2,0,0,2025-12-12 12:04:53.841+00,,2025-12-09 10:39:44.621+00,2025-12-12 12:04:53.842+00
962e588a-1f98-4e68-8bcb-dbd81b2f9125,8267942a-3721-4956-b866-3aad8e56a1bb,2012-08,c68e707c-d813-402b-adf1-b7989c4a39d9,1,0,0,2025-12-12 12:04:53.841+00,,2025-12-09 10:42:51.242+00,2025-12-12 12:04:53.842+00
bd40bf70-6780-4e68-aa82-dd13e14e4fd9,8267942a-3721-4956-b866-3aad8e56a1bb,2014-01,c68e707c-d813-402b-adf1-b7989c4a39d9,9,0,0,2025-12-12 12:04:53.841+00,,2025-12-09 10:39:44.521+00,2025-12-12 12:04:53.842+00
bc771274-c66b-451f-9f1f-7f5a10b267c0,8267942a-3721-4956-b866-3aad8e56a1bb,2014-03,c68e707c-d813-402b-adf1-b7989c4a39d9,3,0,0,2025-12-12 12:04:53.841+00,,2025-12-09 10:39:44.542+00,2025-12-12 12:04:53.842+00
7c0776cd-58ba-4338-828c-161429a88627,8267942a-3721-4956-b866-3aad8e56a1bb,2013-02,c68e707c-d813-402b-adf1-b7989c4a39d9,4,0,2,2025-12-12 12:04:53.841+00,,2025-12-09 10:38:27.456+00,2025-12-12 12:09:23.961+00
cdb5d5a4-c020-4308-af1f-30d9013174c3,8267942a-3721-4956-b866-3aad8e56a1bb,2013-05,c68e707c-d813-402b-adf1-b7989c4a39d9,22,15,7,2025-12-12 12:04:53.841+00,,2025-12-09 10:38:27.581+00,2025-12-12 12:24:01.195+00
19c7048b-c541-4b28-a1da-3797449fe309,8267942a-3721-4956-b866-3aad8e56a1bb,2020-06,c68e707c-d813-402b-adf1-b7989c4a39d9,196,0,0,2025-12-12 12:04:53.841+00,,2025-12-09 07:58:49.959+00,2025-12-12 12:04:53.842+00
dc69ae6e-0219-4879-a292-5f904106b7d3,8267942a-3721-4956-b866-3aad8e56a1bb,2018-08,c68e707c-d813-402b-adf1-b7989c4a39d9,175,0,0,2025-12-12 12:04:53.841+00,,2025-12-09 07:52:04.701+00,2025-12-12 12:04:53.842+00
b1e2db56-756c-4a30-a784-8923f766151b,8267942a-3721-4956-b866-3aad8e56a1bb,2019-02,c68e707c-d813-402b-adf1-b7989c4a39d9,506,0,0,2025-12-12 12:04:53.841+00,,2025-12-09 07:53:06.772+00,2025-12-12 12:04:53.842+00
7b430f19-6bf0-4073-9f8e-ea5dfa18cdd0,8267942a-3721-4956-b866-3aad8e56a1bb,2022-11,c68e707c-d813-402b-adf1-b7989c4a39d9,289,0,0,2025-12-12 12:04:53.841+00,,2025-12-09 08:00:35.495+00,2025-12-12 12:04:53.842+00
a31b6d35-56e4-4f27-aceb-e737273dd121,8267942a-3721-4956-b866-3aad8e56a1bb,2024-08,c68e707c-d813-402b-adf1-b7989c4a39d9,155,0,0,2025-12-12 12:04:53.841+00,,2025-12-09 08:09:35.123+00,2025-12-12 12:04:53.842+00
8272caad-a7b9-4550-9be4-2b2e50a866aa,8267942a-3721-4956-b866-3aad8e56a1bb,2019-03,c68e707c-d813-402b-adf1-b7989c4a39d9,276,0,0,2025-12-12 12:04:53.841+00,,2025-12-09 07:53:06.842+00,2025-12-12 12:04:53.842+00
bf887726-df68-4005-a8ed-5baed0a2aa7f,8267942a-3721-4956-b866-3aad8e56a1bb,2019-11,c68e707c-d813-402b-adf1-b7989c4a39d9,80,0,0,2025-12-12 12:04:53.841+00,,2025-12-09 07:54:11.152+00,2025-12-12 12:04:53.842+00
2dcab051-81ea-404a-91a4-4e95f234f008,8267942a-3721-4956-b866-3aad8e56a1bb,2023-01,c68e707c-d813-402b-adf1-b7989c4a39d9,248,0,0,2025-12-12 12:04:53.841+00,,2025-12-09 07:56:47.543+00,2025-12-12 12:04:53.842+00
209b1379-cd19-4f0f-b160-f1d09de86198,8267942a-3721-4956-b866-3aad8e56a1bb,2020-08,c68e707c-d813-402b-adf1-b7989c4a39d9,216,0,0,2025-12-12 12:04:53.841+00,,2025-12-09 07:54:38.872+00,2025-12-12 12:04:53.842+00
712e754c-e6ca-4492-9eb2-de3fcd0c8f41,8267942a-3721-4956-b866-3aad8e56a1bb,2020-09,c68e707c-d813-402b-adf1-b7989c4a39d9,241,0,0,2025-12-12 12:04:53.841+00,,2025-12-09 07:54:38.881+00,2025-12-12 12:04:53.842+00
5de338a9-a89a-4efb-ab7b-656e313fdb60,8267942a-3721-4956-b866-3aad8e56a1bb,2023-05,c68e707c-d813-402b-adf1-b7989c4a39d9,253,0,0,2025-12-12 12:04:53.841+00,,2025-12-09 07:56:47.589+00,2025-12-12 12:04:53.842+00
04f0ed1d-541c-4c27-a157-0269b728cfda,8267942a-3721-4956-b866-3aad8e56a1bb,2023-10,c68e707c-d813-402b-adf1-b7989c4a39d9,223,0,0,2025-12-12 12:04:53.841+00,,2025-12-09 07:56:47.6+00,2025-12-12 12:04:53.842+00
c800f093-19d9-4a00-986d-3a42baf851df,8267942a-3721-4956-b866-3aad8e56a1bb,2022-02,c68e707c-d813-402b-adf1-b7989c4a39d9,209,0,0,2025-12-12 12:04:53.841+00,,2025-12-09 07:56:20.727+00,2025-12-12 12:04:53.842+00
2b5016e0-0e55-414c-91cd-b1dbb3afcda1,8267942a-3721-4956-b866-3aad8e56a1bb,2013-09,c68e707c-d813-402b-adf1-b7989c4a39d9,4,0,0,2025-12-12 12:04:53.841+00,,2025-12-09 10:39:44.48+00,2025-12-12 12:04:53.842+00
30807897-33d8-4aa0-b988-e6ff8dd4652c,8267942a-3721-4956-b866-3aad8e56a1bb,2023-09,c68e707c-d813-402b-adf1-b7989c4a39d9,225,0,0,2025-12-12 12:04:53.841+00,,2025-12-09 08:02:23.5+00,2025-12-12 12:04:53.842+00
6061b652-7a5a-40da-b1da-fc1a59f9da92,8267942a-3721-4956-b866-3aad8e56a1bb,2023-11,c68e707c-d813-402b-adf1-b7989c4a39d9,182,0,0,2025-12-12 12:04:53.841+00,,2025-12-09 07:56:47.633+00,2025-12-12 12:04:53.842+00
64efdad6-3e57-459f-9074-ced8d93aa0ce,8267942a-3721-4956-b866-3aad8e56a1bb,2024-02,c68e707c-d813-402b-adf1-b7989c4a39d9,202,0,0,2025-12-12 12:04:53.841+00,,2025-12-09 07:57:21.697+00,2025-12-12 12:04:53.842+00
2ac793e7-8ee2-461a-b99e-282c56953cdc,8267942a-3721-4956-b866-3aad8e56a1bb,2024-03,c68e707c-d813-402b-adf1-b7989c4a39d9,224,0,0,2025-12-12 12:04:53.841+00,,2025-12-09 07:57:21.711+00,2025-12-12 12:04:53.842+00
1b5ada75-7174-471b-a9cd-634187568615,8267942a-3721-4956-b866-3aad8e56a1bb,2023-12,c68e707c-d813-402b-adf1-b7989c4a39d9,177,0,0,2025-12-12 12:04:53.841+00,,2025-12-09 07:56:47.775+00,2025-12-12 12:04:53.842+00
4f10df43-f1c7-46b2-971b-a64e34500956,8267942a-3721-4956-b866-3aad8e56a1bb,2023-07,c68e707c-d813-402b-adf1-b7989c4a39d9,199,0,0,2025-12-12 12:04:53.841+00,,2025-12-09 08:02:23.437+00,2025-12-12 12:04:53.842+00
9ee40527-fb7a-4d17-970d-71f003644ee4,8267942a-3721-4956-b866-3aad8e56a1bb,2024-01,c68e707c-d813-402b-adf1-b7989c4a39d9,139,0,0,2025-12-12 12:04:53.841+00,,2025-12-09 07:57:21.681+00,2025-12-12 12:04:53.842+00
07eb9ff7-476e-4f7f-b171-bc3a6a95e246,8267942a-3721-4956-b866-3aad8e56a1bb,2024-07,c68e707c-d813-402b-adf1-b7989c4a39d9,289,0,0,2025-12-12 12:04:53.841+00,,2025-12-09 07:57:21.767+00,2025-12-12 12:04:53.842+00
5c2b7f07-a15a-497a-b100-9e74a42e34f5,8267942a-3721-4956-b866-3aad8e56a1bb,2024-09,c68e707c-d813-402b-adf1-b7989c4a39d9,316,0,0,2025-12-12 12:04:53.841+00,,2025-12-09 07:57:21.776+00,2025-12-12 12:04:53.842+00
9eb263c7-f570-4bf9-9f1b-ddd15fe89147,8267942a-3721-4956-b866-3aad8e56a1bb,2014-07,c68e707c-d813-402b-adf1-b7989c4a39d9,9,0,0,2025-12-12 12:04:53.841+00,,2025-12-09 10:39:44.594+00,2025-12-12 12:04:53.842+00
54fe6ff4-ce0d-4f82-b98d-a0bbf942775d,8267942a-3721-4956-b866-3aad8e56a1bb,2019-07,c68e707c-d813-402b-adf1-b7989c4a39d9,107,0,0,2025-12-12 12:04:53.841+00,,2025-12-09 07:53:34.536+00,2025-12-12 12:04:53.842+00
9a847e77-ec2f-4504-bfb8-5bd6d3dd1e12,8267942a-3721-4956-b866-3aad8e56a1bb,2021-11,c68e707c-d813-402b-adf1-b7989c4a39d9,257,0,0,2025-12-12 12:04:53.841+00,,2025-12-09 07:56:20.658+00,2025-12-12 12:04:53.842+00
8bc85833-d370-4854-b6c8-04e9ee6e9be5,8267942a-3721-4956-b866-3aad8e56a1bb,2022-01,c68e707c-d813-402b-adf1-b7989c4a39d9,337,0,0,2025-12-12 12:04:53.841+00,,2025-12-09 07:56:20.668+00,2025-12-12 12:04:53.842+00
abc834b1-a280-48db-a6ec-0a17b2ea162a,8267942a-3721-4956-b866-3aad8e56a1bb,2022-05,c68e707c-d813-402b-adf1-b7989c4a39d9,184,0,0,2025-12-12 12:04:53.841+00,,2025-12-09 07:56:47.489+00,2025-12-12 12:04:53.842+00
57e030f1-c18f-4050-81c3-58d0395c1c6a,8267942a-3721-4956-b866-3aad8e56a1bb,2022-07,c68e707c-d813-402b-adf1-b7989c4a39d9,173,0,0,2025-12-12 12:04:53.841+00,,2025-12-09 07:56:47.517+00,2025-12-12 12:04:53.842+00
edc44636-012c-4579-845a-2027aeb0a886,8267942a-3721-4956-b866-3aad8e56a1bb,2022-09,c68e707c-d813-402b-adf1-b7989c4a39d9,296,0,0,2025-12-12 12:04:53.841+00,,2025-12-09 08:00:35.445+00,2025-12-12 12:04:53.842+00
ef0e37ba-619f-4ed4-a753-40362a24fa83,8267942a-3721-4956-b866-3aad8e56a1bb,2022-10,c68e707c-d813-402b-adf1-b7989c4a39d9,228,0,0,2025-12-12 12:04:53.841+00,,2025-12-09 07:56:47.535+00,2025-12-12 12:04:53.842+00
cc256b29-d205-4926-a682-cabaca8bf2d9,8267942a-3721-4956-b866-3aad8e56a1bb,2013-04,c68e707c-d813-402b-adf1-b7989c4a39d9,38,23,15,2025-12-12 12:04:53.841+00,,2025-12-09 10:38:27.496+00,2025-12-12 12:19:33.325+00
c83fe357-ade3-4ede-b593-cf591edd2c41,8267942a-3721-4956-b866-3aad8e56a1bb,2013-06,c68e707c-d813-402b-adf1-b7989c4a39d9,20,1,3,2025-12-12 12:04:53.841+00,,2025-12-09 10:38:27.624+00,2025-12-12 12:24:19.253+00
